sample_id,crim,zn,indus,chas,nox,rm,age,dis,rad,tax,ptratio,lstat,medv
1,0.00632,18.0,2.31,0,0.538,6.575,65.2,4.0900,1,296,15.3,4.98,24.0
2,0.02731,0.0,7.07,0,0.469,6.421,78.9,4.9671,2,242,17.8,9.14,21.6
3,0.02729,0.0,7.07,0,0.469,7.185,61.1,4.9671,2,242,17.8,4.03,34.7
4,0.03237,0.0,2.18,0,0.458,6.998,45.8,6.0622,3,222,18.7,2.94,33.4
5,0.06905,0.0,2.18,0,0.458,7.147,54.2,6.0622,3,222,18.7,5.33,36.2
6,0.02985,0.0,2.18,0,0.458,6.430,58.7,6.0622,3,222,18.7,5.21,28.7
7,0.08829,12.5,7.87,0,0.524,6.012,66.6,5.5605,5,311,15.2,12.43,22.9
8,0.14455,12.5,7.87,0,0.524,6.172,96.1,5.9505,5,311,15.2,19.15,27.1
9,0.21124,12.5,7.87,0,0.524,5.631,100.0,6.0821,5,311,15.2,29.93,16.5
10,0.17004,12.5,7.87,0,0.524,6.004,85.9,6.5921,5,311,15.2,17.10,18.9
11,0.22489,12.5,7.87,0,0.524,6.377,94.3,6.3467,5,311,15.2,20.45,15.0
12,0.11747,12.5,7.87,0,0.524,6.009,82.9,6.2267,5,311,15.2,13.27,18.9
13,0.09378,12.5,7.87,0,0.524,5.889,39.0,5.4509,5,311,15.2,15.71,21.7
14,0.62976,0.0,8.14,0,0.538,5.949,61.8,4.7075,4,307,21.0,8.26,20.4
15,0.63796,0.0,8.14,0,0.538,6.096,84.5,4.4619,4,307,21.0,10.26,18.2
16,0.62739,0.0,8.14,0,0.538,5.834,56.5,4.4986,4,307,21.0,8.47,19.9
17,1.05393,0.0,8.14,0,0.538,5.935,29.3,4.4986,4,307,21.0,13.83,19.7
18,0.78420,0.0,8.14,0,0.538,5.990,81.7,4.2579,4,307,21.0,14.67,22.7
19,0.80271,0.0,8.14,0,0.538,5.456,36.6,3.7965,4,307,21.0,11.69,20.2
20,0.72580,0.0,8.14,0,0.538,5.727,69.5,3.7965,4,307,21.0,11.28,18.2
